26;Mama;Leche_Entera
13;Victor;Alpinette
20;Guy;Arequipe
14;Tara;Regeneris_Maracuya
24;Jocelyn;Queso_Finesse_Snack
7;Cameron;Yox_Defensis
30;Astra;Avena_kids_original
13;Ayanna;Frutto_Pera
4;Harding;Queso_Azul
22;Tanek;Soka_Mora
29;Lila;Avena_original
9;Macey;Queso_Sopo_Rallado
5;Melvin;Mantequilla
8;Rahim;Leche_Semidescremada
9;Faith;Alpinito_Mora
13;Wanda;Cremosino_Mantequilla
24;Deborah;Pudin_choco
30;Jonas;Queso_holandes
8;Julie;BonYurt_Zucaritas
5;Ingrid;Arequipito
2;Kaye;Queso_Brie
23;Dahlia;Yogurt_Griego_Finesse
28;Ayanna;Avena_Deslactosada
21;Evan;Frutto_Durazno
24;Daria;Yox_Defensis
1;Mufutau;Queso_Azul
30;Claire;Regeneris_Maracuya
6;Xander;Avena_kids_original
5;Clare;Kumis_Original
29;Curran;Cuchareable
23;Lunea;Regeneris_Trozos
17;Kane;Queso_Finesse_Deslac
4;Gabriel;Yogo_premio
8;James;Crema_leche
7;Edan;Alpin_Vainilla
20;Leonard;Crema_Leche_Finesse
26;Kenyon;Costeno_Esparcible
3;Shelley;Yogurt_Deslactosado
30;Cassidy;Regeneris_Fresa
30;Amena;Yox_Defensis
21;Denton;Queso_Emmental
27;Imogene;Leche_Entera
1;Brandon;Yogurt_Deslactosado
6;Mercedes;Soka_Mandarina
13;Orla;MiniBY_Zucaritas
21;Rae;Crema_Leche_Finesse
19;Ivor;Queso_Fundido
28;Wynne;Queso_Finesse_Deslac
8;Ciara;Arequipe
13;Hilel;Queso_Parmesano
1;Reece;Alpina_Aloe
22;Chancellor;Leche_Finesse
1;Veda;Costeno_Esparcible
6;Wayne;Alpin_Fresa
28;Craig;Flan
12;Gil;Crema_leche
27;John;Queso_Doblecrema
27;Kylynn;Mantequilla
20;Wayne;Queso_Finesse_Deslac
18;Winifred;Soka_Zero_Mango
16;Rhiannon;Alpinito_Noche
26;Quinlan;Queso_Provolone
26;Conan;BonYurt_Zucaritas
13;Brooke;Regeneris_Fresa
13;Zena;Avena_kids_choco
5;Charissa;BonYurt_FrootLoops
14;Ima;Yogo_yogo
21;Bertha;Costeno_Esparcible
9;Kevin;Frupper_Fresa
28;Samantha;Flan
12;Lila;Leche_Descremada
18;Idola;Queso_Finesse
26;Tanek;Mantequilla
2;Bo;Queso_sopo
1;Galena;MiniBY_Chococandy
13;Chadwick;Mantequilla
7;Ocean;Alpinito_Mora
5;Ina;Queso_Finesse_Snack
8;Noble;Alpinette
2;Kessie;Soka_Zero_Maracuya
23;Kato;Queso_sopo
30;Cathleen;Alimento_Finesse
17;Yoko;Avena_kids_original
30;Rana;Queso_Provolone
18;Miranda;Frutto_Manzana
25;Emily;Avena_original
24;Logan;Frupper_Mora
25;Armand;BonYurt_Musli
25;Tasha;Queso_Sopo_Rallado
4;Ryan;Alpin_chocolate
20;Kevin;MiniBY_Chococandy
5;Brock;BonYurt_FrootLoops
8;Nehru;Avena_canela
29;Wyoming;Regeneris_Trozos
17;Timothy;Avena_Finesse
3;Steel;Alpinito_Melocoton
13;Laith;Queso_Mozarella
5;Dustin;Queso_Provolone
15;Richard;Baby_3
28;Blossom;Soka_Zero_Mandarina
26;Lacy;Soka_Zero_Mango
13;Victor;Alpinette
20;Guy;Arequipe
14;Tara;Regeneris_Maracuya
24;Jocelyn;Queso_Finesse_Snack
7;Cameron;Yox_Defensis
30;Astra;Avena_kids_original
13;Ayanna;Frutto_Pera
4;Harding;Queso_Azul
22;Tanek;Soka_Mora
29;Lila;Avena_original
9;Macey;Queso_Sopo_Rallado
5;Melvin;Mantequilla
8;Rahim;Leche_Semidescremada
9;Faith;Alpinito_Mora
13;Wanda;Cremosino_Mantequilla
24;Deborah;Pudin_choco
30;Jonas;Queso_holandes
8;Julie;BonYurt_Zucaritas
5;Ingrid;Arequipito
2;Kaye;Queso_Brie
23;Dahlia;Yogurt_Griego_Finesse
28;Ayanna;Avena_Deslactosada
21;Evan;Frutto_Durazno
24;Daria;Yox_Defensis
1;Mufutau;Queso_Azul
30;Claire;Regeneris_Maracuya
6;Xander;Avena_kids_original
5;Clare;Kumis_Original
29;Curran;Cuchareable
23;Lunea;Regeneris_Trozos
17;Kane;Queso_Finesse_Deslac
4;Gabriel;Yogo_premio
8;James;Crema_leche
7;Edan;Alpin_Vainilla
20;Leonard;Crema_Leche_Finesse
26;Kenyon;Costeno_Esparcible
3;Shelley;Yogurt_Deslactosado
30;Cassidy;Regeneris_Fresa
30;Amena;Yox_Defensis
21;Denton;Queso_Emmental
27;Imogene;Leche_Entera
1;Brandon;Yogurt_Deslactosado
6;Mercedes;Soka_Mandarina
13;Orla;MiniBY_Zucaritas
21;Rae;Crema_Leche_Finesse
19;Ivor;Queso_Fundido
28;Wynne;Queso_Finesse_Deslac
8;Ciara;Arequipe
13;Hilel;Queso_Parmesano
1;Reece;Alpina_Aloe
22;Chancellor;Leche_Finesse
1;Veda;Costeno_Esparcible
6;Wayne;Alpin_Fresa
28;Craig;Flan
12;Gil;Crema_leche
27;John;Queso_Doblecrema
27;Kylynn;Mantequilla
20;Wayne;Queso_Finesse_Deslac
18;Winifred;Soka_Zero_Mango
16;Rhiannon;Alpinito_Noche
26;Quinlan;Queso_Provolone
26;Conan;BonYurt_Zucaritas
13;Brooke;Regeneris_Fresa
13;Zena;Avena_kids_choco
5;Charissa;BonYurt_FrootLoops
14;Ima;Yogo_yogo
21;Bertha;Costeno_Esparcible
9;Kevin;Frupper_Fresa
28;Samantha;Flan
12;Lila;Leche_Descremada
18;Idola;Queso_Finesse
26;Tanek;Mantequilla
2;Bo;Queso_sopo
1;Galena;MiniBY_Chococandy
13;Chadwick;Mantequilla
7;Ocean;Alpinito_Mora
5;Ina;Queso_Finesse_Snack
8;Noble;Alpinette
2;Kessie;Soka_Zero_Maracuya
23;Kato;Queso_sopo
30;Cathleen;Alimento_Finesse
17;Yoko;Avena_kids_original
30;Rana;Queso_Provolone
18;Miranda;Frutto_Manzana
25;Emily;Avena_original
24;Logan;Frupper_Mora
25;Armand;BonYurt_Musli
25;Tasha;Queso_Sopo_Rallado
4;Ryan;Alpin_chocolate
20;Kevin;MiniBY_Chococandy
5;Brock;BonYurt_FrootLoops
8;Nehru;Avena_canela
29;Wyoming;Regeneris_Trozos
17;Timothy;Avena_Finesse
3;Steel;Alpinito_Melocoton
13;Laith;Queso_Mozarella
5;Dustin;Queso_Provolone
15;Richard;Baby_3
28;Blossom;Soka_Zero_Mandarina